{
    "UnitData": [
        {
            "Army": "Space_Marine",
            "Name": "Eliminator Squad",
            "Movement": 6,
            "#OfModels": 4,
            "T": 4,
            "Sv": 3,
            "W": 2,
            "Ld": 6,
            "OC": 1,
            "IVSave": 0,
            "Weapons": ["Bolt Pistol", "Close combat weapon"]
        },
        {
            "Army": "Space_Marine",
            "Name": "Apothecary",
            "Movement": 6,
            "#OfModels": 1,
            "T": 4,
            "Sv": 3,
            "W": 4,
            "Ld": 6,
            "OC": 1,
            "IVSave": 0,
            "Weapons": ["Absolver Bolt Pistol", "Close combat weapon"]
        },
        {
            "Army": "Space_Marine",
            "Name": "Captain in Terminator Armour",
            "Movement": 5,
            "#OfModels": 1,
            "T": 5,
            "Sv": 2,
            "W": 6,
            "Ld": 6,
            "OC": 1,
            "IVSave": 4,
            "Weapons": ["Storm bolter", "Relic Fist"]
        },
        {
            "Army": "Space_Marine",
            "Name": "Librarian in Terminator Armour",
            "Movement": 5,
            "#OfModels": 1,
            "T": 5,
            "Sv": 2,
            "W": 5,
            "Ld": 6,
            "OC": 1,
            "IVSave": 4,
            "Weapons": ["Storm bolter", "Force Weapon"]
        },
        {
            "Army": "Space_Marine",
            "Name": "Infernus Squad",
            "Movement": 6,
            "#OfModels": 5,
            "T": 4,
            "Sv": 3,
            "W": 2,
            "Ld": 6,
            "OC": 1,
            "IVSave": 0,
            "Weapons": ["Bolt Pistol", "Close combat weapon"]
        },
        {
            "Army": "Space_Marine",
            "Name": "Terminator Squad",
            "Movement": 5,
            "#OfModels": 5,
            "T": 5, 
            "Sv": 2,
            "W": 3,
            "Ld": 6,
            "OC": 1,
            "IVSave": 4,
            "Weapons": ["Storm bolter", "Power Fist"]
        }
    ],

    "WeaponData": [
        {
            "Army": "Orks",
            "Name": "Big Choppa",
            "Type": "Melee",
            "WS": 2,
            "S": 8,
            "AP": -1,
            "Range": 2,
            "Damage": 2

        },
        {
            "Army": "Orks",
            "Name": "Shoota",
            "Type": "Ranged",
            "BS": 4,
            "S": 4,
            "AP": 0,
            "Range": 18,
            "Damage": 1
        },
        {
            "Army": "Orks",
            "Name": "Beastchoppa",
            "Type": "Melee",
            "WS": 2,
            "S": 6,
            "AP": -1,
            "Range": 2,
            "Damage": 2
        },
        {
            "Army": "Space_Marine",
            "Name":"Bolt Pistol",
            "Type": "Ranged",
            "BS":3,
            "S":4,
            "AP":0,
            "Range": 12,
            "Damage": 1
        },
        {
            "Army": "Space_Marine",
            "Name": "Absolver Bolt Pistol",
            "Type": "Ranged",
            "BS": 3,
            "S": 5,
            "AP":-1,
            "Range": 18,
            "Damage": 2
        },
        {
            "Army": "Space_Marine",
            "Name": "Close combat weapon",
            "Type": "Melee",
            "WS": 3,
            "S": 4,
            "AP": 0,
            "Range": 2,
            "Damage": 1

        },
        {
            "Army": "Orks",
            "Name": "Slugga",
            "Type": "Ranged",
            "BS": 5,
            "S": 4,
            "AP": 0,
            "Range": 12,
            "Damage": 1
        },
        {
            "Army": "Orks",
            "Name": "Choppa",
            "Type": "Melee",
            "WS": 3,
            "S": 5,
            "AP": -1,
            "Range": 2,
            "Damage": 1
        },
        {
            "Army": "Space_Marine",
            "Name": "Storm bolter",
            "Type": "Ranged",
            "BS": 3,
            "S": 4,
            "AP": 0,
            "Range":24,
            "Damage": 1
        },
        {
            "Army": "Space_Marine",
            "Name": "Relic Fist",
            "Type": "Melee",
            "WS": 2,
            "S": 8,
            "AP": -2,
            "Range": 2,
            "Damage": 2
        },
        {
            "Army": "Space_Marine",
            "Name": "Force Weapon",
            "Type": "Melee",
            "WS": 3,
            "S": 6,
            "AP": -1, 
            "Range": 2, 
            "Damage": "D3"
        },
        {
            "Army": "Space_Marine",
            "Name": "Power Fist",
            "Type": "Melee",
            "WS": 4,
            "S": 8,
            "AP": -2,
            "Range": 2,
            "Damage": 2
        }
    ]
}